3,2,1,4,5,6,23,22,21,24,25,26,61,81,64,84
0,0,-16,-33,17,-1,0,0,16,33,-17,1,0,0,0,0
0,-1,-16,-33,17,0,0,0,16,33,-17,1,0,0,0,0
0,-1,-16,-33,17,0,0,0,16,33,-17,2,0,0,0,0
0,-2,-16,-33,17,0,0,0,16,33,-17,2,0,0,0,0
0,-2,-16,-33,17,0,0,-1,16,33,-17,3,0,0,0,0
0,-3,-16,-33,17,1,0,-1,16,33,-17,3,0,0,0,0
0,-3,-16,-33,17,1,0,-2,16,33,-17,4,0,0,0,0
0,-4,-16,-33,17,2,0,-2,16,33,-17,4,0,0,0,0
0,-4,-16,-33,17,2,0,-3,16,33,-17,5,0,0,0,0
0,-4,-16,-33,17,2,0,-3,16,33,-17,5,0,0,0,0
0,-5,-16,-33,17,3,0,-4,16,33,-17,6,0,0,0,0
0,-5,-16,-33,17,4,0,-4,16,33,-17,6,0,0,0,0
0,-6,-16,-33,17,4,0,-4,16,33,-17,7,0,0,0,0
0,-1,-16,-33,17,4,0,-11,16,33,-17,2,0,0,0,0
0,-1,-16,-33,17,5,0,-12,16,33,-17,2,0,0,0,0
0,-2,-16,-33,17,5,0,-13,16,33,-17,2,0,0,0,0
0,-2,-16,-33,17,5,0,-14,16,33,-17,2,0,0,0,0
0,-2,-16,-33,17,6,0,-14,16,33,-17,2,0,0,0,0
0,-2,-16,-33,17,6,0,-15,16,33,-17,2,0,0,0,0
0,-2,-16,-33,17,7,0,-15,16,33,-17,2,0,0,0,0
0,-2,-16,-33,17,7,0,-16,16,33,-17,2,0,0,0,0
0,-2,-16,-33,17,7,0,-16,16,33,-17,2,0,0,0,0
0,-2,-16,-33,17,7,0,-17,16,33,-17,2,0,0,0,0
0,-2,-16,-33,17,7,0,-17,16,33,-17,2,0,0,0,0
0,-2,-16,-33,17,7,0,-18,16,33,-17,3,0,0,0,0
0,-2,-16,-33,17,8,0,-18,16,33,-17,3,0,0,0,0
0,-2,-16,-33,17,8,0,-18,16,33,-17,3,0,0,0,0
0,-2,-16,-33,17,8,0,-19,16,33,-17,3,0,0,0,0
0,-2,-16,-33,17,8,0,-19,16,33,-17,3,0,0,0,0
0,-2,-16,-33,17,8,0,-19,16,33,-17,3,0,0,0,0
0,-1,-12,-25,13,10,0,-18,26,50,-25,4,0,0,0,0
0,-1,-12,-25,13,10,0,-18,26,50,-25,4,1,1,0,0
0,-1,-12,-25,13,10,0,-18,26,50,-24,4,3,3,0,0
0,-1,-12,-25,14,10,0,-17,26,49,-24,4,5,5,0,0
0,-1,-12,-26,14,9,0,-17,26,48,-23,4,7,7,0,0
0,-1,-12,-26,14,9,0,-17,26,47,-22,4,9,9,0,0
0,-1,-12,-26,14,9,0,-17,25,46,-21,4,10,10,0,0
0,-1,-12,-26,14,9,0,-16,24,44,-20,4,12,12,0,0
0,-1,-12,-26,15,9,0,-16,24,43,-19,4,14,14,0,0
0,-1,-12,-27,15,9,0,-16,23,41,-18,4,16,16,0,0
0,-1,-12,-27,15,8,0,-15,22,39,-17,4,17,17,0,0
0,-1,-12,-27,16,8,0,-15,21,37,-16,4,19,19,0,0
0,-1,-12,-28,16,7,0,-14,21,35,-15,4,21,21,0,0
0,-1,-12,-28,16,7,0,-14,20,34,-14,4,22,22,0,0
0,-1,-12,-29,16,7,0,-13,19,32,-13,4,24,24,0,0
0,-1,-12,-29,16,6,0,-12,19,31,-13,3,25,25,0,0
0,-1,-13,-29,17,6,0,-12,18,30,-12,3,26,26,0,0
0,-1,-13,-30,17,5,0,-11,18,30,-12,3,27,27,0,0
0,-1,-13,-30,17,5,0,-10,18,30,-12,3,29,29,0,0
0,-5,-13,-30,17,4,0,-4,19,31,-12,7,30,30,0,0
0,-4,-13,-31,18,4,0,-3,19,31,-13,7,31,31,0,0
0,-4,-13,-31,18,3,0,-3,19,31,-13,6,31,31,0,0
0,-4,-14,-31,18,3,0,-2,19,32,-13,5,32,32,0,0
0,-3,-14,-31,18,2,0,-2,19,32,-13,5,33,33,0,0
0,-3,-14,-32,18,2,0,-2,19,32,-13,4,33,33,0,0
0,-2,-14,-32,19,1,0,-1,19,33,-14,4,34,34,0,0
0,-2,-14,-32,19,0,0,-1,19,33,-14,3,35,35,0,0
0,-2,-14,-32,19,0,0,0,19,33,-14,2,35,35,0,0
0,-1,-14,-32,19,0,0,0,19,33,-14,2,35,35,0,0
0,0,-13,-32,19,0,0,0,19,33,-14,1,35,35,0,0
0,0,-13,-32,19,-1,0,0,19,33,-14,1,35,35,0,0
0,0,-13,-32,19,-1,0,0,19,33,-14,0,35,35,0,0
0,0,-13,-32,19,-2,0,1,19,33,-14,0,35,35,0,0
0,0,-13,-32,19,-2,0,2,19,33,-14,0,35,35,0,0
0,1,-13,-32,19,-3,0,2,19,33,-14,0,35,35,0,0
0,1,-13,-31,19,-4,0,2,19,33,-14,-1,34,34,0,0
0,2,-12,-31,19,-4,0,3,18,33,-14,-2,33,33,0,0
0,2,-12,-31,19,-5,0,3,18,32,-14,-2,33,33,0,0
0,2,-12,-31,19,-5,0,4,18,32,-14,-3,32,32,0,0
0,3,-12,-30,19,-6,0,4,18,32,-14,-3,31,31,0,0
0,3,-12,-30,19,-7,0,4,18,31,-14,-4,31,31,0,0
0,4,-11,-29,18,-7,0,5,17,31,-14,-4,30,30,0,0
0,4,-11,-29,18,-8,0,5,17,31,-14,-5,29,29,0,0
0,11,-11,-29,18,-3,0,1,17,30,-14,-5,27,27,0,0
0,12,-11,-29,18,-3,0,1,17,30,-14,-6,26,26,0,0
0,12,-12,-30,19,-3,0,1,16,30,-13,-6,25,25,0,0
0,13,-12,-31,19,-4,0,1,16,29,-13,-7,24,24,0,0
0,14,-13,-33,20,-4,0,1,16,29,-13,-7,22,22,0,0
0,14,-14,-34,20,-4,0,1,16,29,-13,-7,21,21,0,0
0,15,-15,-36,21,-4,0,1,15,28,-13,-8,19,19,0,0
0,15,-16,-38,22,-4,0,1,15,28,-13,-8,17,17,0,0
0,16,-18,-40,23,-4,0,1,15,27,-13,-9,16,16,0,0
0,16,-19,-42,23,-4,0,1,14,27,-13,-9,14,14,0,0
0,16,-20,-44,24,-4,0,1,14,26,-13,-9,12,12,0,0
0,17,-21,-46,24,-4,0,1,14,26,-13,-9,10,10,0,0
0,17,-22,-47,25,-4,0,1,14,26,-13,-9,9,9,0,0
0,17,-23,-48,25,-4,0,1,13,26,-13,-9,7,7,0,0
0,17,-24,-49,25,-4,0,1,13,26,-13,-10,5,5,0,0
0,18,-25,-50,25,-4,0,1,13,25,-13,-10,3,3,0,0
0,18,-25,-50,25,-4,0,1,12,25,-13,-10,1,1,0,0
0,18,-26,-50,25,-4,0,1,12,25,-13,-10,0,0,0,0
0,18,-26,-50,25,-4,0,1,12,25,-13,-10,-1,-1,0,0
0,18,-26,-50,24,-4,0,1,12,25,-13,-10,-3,-3,0,0
0,17,-26,-49,24,-4,0,1,12,25,-14,-10,-5,-5,0,0
0,17,-26,-48,23,-4,0,1,12,26,-14,-9,-7,-7,0,0
0,17,-26,-47,22,-4,0,1,12,26,-14,-9,-9,-9,0,0
0,17,-25,-46,21,-4,0,1,12,26,-14,-9,-10,-10,0,0
0,16,-24,-44,20,-4,0,1,12,26,-14,-9,-12,-12,0,0
0,16,-24,-43,19,-4,0,1,12,26,-15,-9,-14,-14,0,0
0,16,-23,-41,18,-4,0,1,12,27,-15,-9,-16,-16,0,0
